happiness_score,gdp,life_expectancy,freedom,generosity,corruption
6.977,1.4480000000000002,0.8759999999999999,0.614,0.307,0.306
4.121,1.15851,0.3494,0.28098,0.062439999999999996,0.09314
6.002999999999999,0.63244,0.04361,0.6582100000000001,0.22837,0.30826
5.856,1.2322799999999998,0.58991,0.32682,0.027360000000000002,0.03586
4.885,0.8953700000000001,0.07446,0.57672,0.21684,0.14234000000000002
4.456,0.562,0.723,0.527,0.166,0.14300000000000002
5.832999999999999,1.14723,0.03843,0.21341999999999997,0.026410000000000003,0.01031
5.523,1.051,0.871,0.19699999999999998,0.142,0.08
5.995,1.1689100000000001,0.04267,0.31751,0.16893,0.03431
6.199,1.3619999999999999,0.871,0.536,0.255,0.11
5.96,1.32376,0.05412,0.45492,0.17362,0.306
5.8020000000000005,1.1306200000000002,0.6310399999999999,0.29091,0.13942000000000002,0.17457
4.35,0.35,0.192,0.174,0.198,0.078
3.495,0.076,0.267,0.419,0.20600000000000002,0.03
6.862999916000001,1.7419435980000002,0.845089495,0.596627891,0.28318098199999997,0.318834424
4.681,0.79907,0.04412,0.25123,0.15275,0.02961
4.6419999999999995,0.9204899999999999,0.04585,0.33207,0.11972999999999999,0.08884
6.167999999999999,1.21183,0.10895,0.55884,0.31844,0.0114
4.586,0.9159999999999999,0.79,0.419,0.149,0.032
6.578000069,1.153183818,0.709978998,0.412730008,0.12099043300000001,0.132774115
3.875,0.375846535,0.19676375399999999,0.33638420700000005,0.189143494,0.095375381
5.145,1.24142,0.67608,0.1977,0.099,0.044719999999999996
5.629000187000001,1.189395547,0.638007462,0.49124732600000004,0.360933751,0.042181555
5.125,0.914,0.575,0.395,0.253,0.032
4.61,0.271,0.0429,0.25861,0.18987,0.08079
7.521999836,1.4823830130000002,0.792565525,0.6260067220000001,0.355280489,0.400770068
5.537999999999999,0.8937299999999999,0.58295,0.46235,0.25296,0.07396
5.129,0.47038,0.06988,0.48827,0.19591,0.12468
4.156000000000001,0.08709,0.29364,0.4143,0.30968,0.07564
6.077999999999999,1.27973,0.70367,0.23390999999999998,0.13837,0.02947
5.528,1.1697,0.67602,0.36712,0.12889,0.006790000000000001
5.90199995,1.314582348,0.62894994,0.234231785,0.010164656999999999,0.011865643
6.67,1.10715,0.057999999999999996,0.44132,0.33363000000000004,0.12869
4.3069999999999995,0.27108000000000004,0.04351,0.44017,0.79588,0.19034
4.5089999999999995,0.512,0.581,0.431,0.37200000000000005,0.053
4.0280000000000005,0.34097,0.27494,0.12072000000000001,0.47958,0.14476
4.032000065,0.35022771399999997,0.21584425899999998,0.32436785100000004,0.250864685,0.12032810599999999
7.28399992,1.494387269,0.830875158,0.612924099,0.385399252,0.384398729
7.31400013,1.405706048,0.8167597059999999,0.61406213,0.500005126,0.382816702
6.545,1.18157,0.72183,0.54388,0.18056,0.21394000000000002
5.246,0.9890000000000001,0.799,0.597,0.028999999999999998,0.10300000000000001
6.343999863,1.530623555,0.59014833,0.449750572,0.14761601400000002,0.273432255
5.757999897,1.341205955,0.790828228,0.572575808,0.242649093,0.04512897900000001
3.083,0.026000000000000002,0.105,0.225,0.235,0.035
6.046,1.263,1.042,0.406,0.19,0.040999999999999995
3.9739999999999998,1.09426,0.34752,0.44088999999999995,0.12425,0.10769000000000001
5.122999999999999,0.92053,0.048639999999999996,0.20107,0.19230999999999998,0.02617
7.441,1.361,0.878,0.638,0.33299999999999996,0.295
3.866,0.84731,0.04991,0.00589,0.12070999999999998,0.08434
5.103,0.715,0.7020000000000001,0.618,0.177,0.079
7.3389999999999995,1.46468,0.8123100000000001,0.55211,0.47416,0.29927
4.516,0.308,0.428,0.382,0.26899999999999996,0.16699999999999998
7.2,1.33723,0.03751,0.62433,0.33088,0.18675999999999998
5.4879999999999995,1.18649,0.70524,0.23906999999999998,0.18434,0.04002
5.79,1.143,0.631,0.45399999999999996,0.14800000000000002,0.121
4.565,0.64499,0.02043,0.39786,0.26475,0.08492000000000001
3.739,0.34719,0.19625,0.43653000000000003,0.27102,0.06442
3.348999977,0.511135876,0.364509284,0.390017778,0.35425636200000005,0.066035107
7.119,1.3945100000000001,0.03839,0.54604,0.40105,0.1589
6.446000000000001,1.368,0.914,0.35100000000000003,0.242,0.09699999999999999
4.138999999999999,0.63069,0.29759,0.0,0.18077000000000001,0.10039
5.987,1.27074,0.03581,0.49615,0.10705,0.1806
5.648,1.183,0.726,0.33399999999999996,0.08199999999999999,0.031
4.671,0.541,0.08,0.467,0.146,0.10300000000000001
4.5169999999999995,0.0,0.0368,0.22605,0.24834,0.07625
6.218,1.44024,0.65696,0.47375,0.17147,0.25772
7.494,1.38,1.026,0.591,0.354,0.11800000000000001
4.655,0.9553,0.73007,0.31866,0.1684,0.05301
6.946000000000001,1.5639100000000001,0.03499,0.61583,0.28034000000000003,0.37798000000000004
5.835,1.24585,0.69058,0.4519,0.14443,0.055
5.236999989,1.121129036,0.667464674,0.194989055,0.197911024,0.088174194
3.657000065,0.43108540799999995,0.209930211,0.425962776,0.207948461,0.060929015
4.332,0.82,0.7390000000000001,0.17800000000000002,0.187,0.01
5.472000122000001,1.551674843,0.943062425,0.490968645,0.374465793,0.29393374899999997
5.837999821,0.72887063,0.589465201,0.24072904899999997,0.208779126,0.010091286
4.681,0.45,0.5710000000000001,0.292,0.153,0.07200000000000001
5.89,0.68133,0.056420000000000005,0.57414,0.20536,0.08800000000000001
6.7010000000000005,1.18306,0.70835,0.48927,0.2418,0.08423
7.19,1.244,0.888,0.46399999999999997,0.262,0.08199999999999999
3.2030000000000003,0.35,0.361,0.0,0.158,0.025
6.81,1.04424,0.06476,0.42908,0.058410000000000004,0.11069000000000001
5.888999999999999,0.59448,0.037989999999999996,0.32818,0.20951,0.01615
7.632000000000001,1.305,0.8740000000000001,0.6809999999999999,0.20199999999999999,0.39299999999999996
4.635,0.36485,0.0,0.30685,0.23897,0.08196
5.245,1.0278,0.73561,0.44011999999999996,0.049589999999999995,0.02745
5.956,0.87616,0.45569,0.51231,0.23684000000000002,0.10770999999999999
3.655,0.46534,0.051410000000000004,0.46866,0.20165,0.17922000000000002
6.444,1.159,0.92,0.35700000000000004,0.187,0.055999999999999994
5.155,0.6890000000000001,0.048,0.462,0.201,0.032
7.495,1.3430000000000002,0.914,0.677,0.353,0.138
6.084000111,1.29121542,0.618784428,0.40226498200000005,0.41660893,0.065600708
6.322,1.161,0.669,0.35600000000000004,0.311,0.059000000000000004
5.347,1.0170000000000001,0.7290000000000001,0.259,0.111,0.081
7.527,1.32548,0.033280000000000004,0.6493800000000001,0.34139,0.48357
7.278,1.365,1.0390000000000001,0.584,0.285,0.308
6.4110000000000005,1.39541,0.04633,0.31048000000000003,0.13706,0.32524000000000003
3.907,0.55604,0.42494,0.5885199999999999,0.40339,0.08092
7.364,1.33171,0.03157,0.6598,0.36262,0.43843999999999994
4.252,0.4225,0.04678,0.49309,0.20618000000000003,0.05786
6.907,1.4834100000000001,0.81455,0.54008,0.44963000000000003,0.29754
4.883,0.39299999999999996,0.397,0.349,0.175,0.08199999999999999
4.39,0.385,0.308,0.327,0.153,0.052000000000000005
5.196000000000001,0.8527,0.49759,0.46074,0.48546000000000006,0.1616
5.771,1.31141,0.8414200000000001,0.43596,0.26322,0.16577999999999998
5.9479999999999995,1.25114,0.03914,0.26236,0.22823000000000002,0.02901
4.55,0.52107,0.0674,0.10081,0.19062,0.1466
6.5720000270000005,1.69227767,0.949492395,0.549840569,0.34596598100000003,0.464307785
7.307,1.3030000000000002,1.026,0.585,0.33,0.38
5.568999767,1.15655756,0.637714267,0.29540026199999997,0.155137509,0.156313822
6.9270000000000005,1.324,0.894,0.583,0.188,0.24
4.033,0.75778,0.047580000000000004,0.10384000000000002,0.12344000000000001,0.07122
4.513999999999999,0.35996999999999996,0.03607,0.38282,0.32295999999999997,0.059070000000000004
5.525,1.044,0.6729999999999999,0.41600000000000004,0.133,0.152
4.633,0.5455800000000001,0.04742,0.42341999999999996,0.23087,0.04355
4.166,0.9129999999999999,0.644,0.24100000000000002,0.076,0.067
6.65199995,1.25278461,0.819479704,0.37689527899999997,0.32666242100000004,0.082287982
5.718,1.263,1.042,0.41700000000000004,0.191,0.162
5.855,1.1225399999999999,0.041139999999999996,0.51649,0.11827,0.08454
7.315999985,1.479204416,0.834557652,0.611100912,0.435539722,0.287371516
5.1750001910000005,1.0645779370000001,0.644948184,0.325905979,0.253760964,0.060277794
5.94,1.187,0.812,0.264,0.075,0.064
5.62,1.171,0.732,0.259,0.061,0.022000000000000002
5.457999999999999,1.5107,0.9527700000000001,0.48078999999999994,0.40097,0.31647
4.2860000000000005,0.336,0.532,0.344,0.209,0.1
5.199,0.474,0.598,0.292,0.187,0.034
4.813,1.11758,0.64232,0.22544,0.38538,0.0557
4.508,0.29283000000000003,0.34578000000000003,0.36703,0.29522,0.1717
4.166,0.131,0.221,0.39,0.175,0.099
5.129,1.12268,0.76171,0.26228,0.23693000000000003,0.030610000000000002
5.192,0.9019799999999999,0.045239999999999995,0.40660999999999997,0.11052999999999999,0.14293
5.151,0.8405799999999999,0.5947100000000001,0.25645999999999997,0.040530000000000004,0.08404
4.867,0.71206,0.08742,0.30658,0.18259,0.0306
4.1610000000000005,0.322,0.237,0.45,0.259,0.061
4.88,0.425,0.539,0.526,0.302,0.078
3.0060000000000002,0.6632,0.05015,0.15684,0.47179,0.18905999999999998
5.779,0.7759999999999999,0.706,0.511,0.13699999999999998,0.064
7.119,1.45038,0.80565,0.54355,0.32865,0.21348000000000003
6.7860000000000005,1.0635299999999999,0.0491,0.5421,0.24434,0.0927
6.084,1.1336700000000002,0.6190399999999999,0.19847,0.0425,0.08304
6.167999999999999,1.32572,0.52608,0.48453,0.31935,0.01241
7.212999821,1.375382423,0.838404,0.405988604,0.330082655,0.0852421
4.471,0.9179999999999999,0.672,0.585,0.307,0.05
4.743,0.642,0.602,0.266,0.086,0.076
5.192,0.9743799999999999,0.05235,0.1826,0.1614,0.14296
6.635000229,1.10735321,0.616552353,0.437453747,0.162349895,0.111092761
6.07,1.162,0.825,0.462,0.083,0.005
5.888,1.12,0.7979999999999999,0.498,0.215,0.06
6.647999763,1.626343369,0.7267982359999999,0.60834527,0.36094194700000004,0.324489564
7.072,1.01,0.8170000000000001,0.632,0.14300000000000002,0.10099999999999999
5.386,0.945,0.845,0.212,0.263,0.006
4.828999996,1.054698706,0.18708007,0.479246736,0.13936238,0.072509497
6.505,1.17898,0.04168,0.46363999999999994,0.10686,0.02652
3.904,0.36498,0.03608,0.36772,0.20843000000000003,0.10712999999999999
6.994,1.44787,0.81487,0.53466,0.30451999999999996,0.28551
5.662000000000001,0.855,0.578,0.44799999999999995,0.27399999999999997,0.023
4.954999924,1.0272358659999998,0.557783484,0.394143969,0.33846423,0.032902289
3.5869999999999997,0.18600000000000003,0.306,0.531,0.21,0.08
7.138999999999999,1.276,1.0290000000000001,0.371,0.261,0.08199999999999999
3.819,0.46038,0.05069,0.66246,0.40359,0.07247
6.086,1.092,0.8809999999999999,0.47100000000000003,0.066,0.05
4.694,0.39753,0.03077,0.4082,0.21222,0.12569
5.547999999999999,0.95847,0.04175,0.4761,0.16979,0.30844
6.983,0.98124,0.040760000000000005,0.49049,0.14574,0.17521
4.332,0.99355,0.049339999999999995,0.49495,0.10461,0.12474
7.291,1.45181,0.83121,0.58218,0.38254,0.40867
5.151000023,0.022643184,0.11398913699999999,0.602126956,0.291631311,0.282410324
6.725,1.40283,0.80991,0.50036,0.50156,0.27399
5.620999812999999,1.3559380769999998,0.8447147009999999,0.355111539,0.27125430100000003,0.041237976
5.697,0.96,0.8540000000000001,0.455,0.083,0.027000000000000003
5.956,0.807,0.474,0.593,0.183,0.08900000000000001
3.8080000000000003,0.47200000000000003,0.079,0.423,0.11599999999999999,0.11199999999999999
5.129,0.915,0.758,0.28,0.21600000000000003,0.0
6.382000000000001,0.7809999999999999,0.608,0.604,0.179,0.071
5.971000195,0.786441088,0.498272628,0.658248663,0.415983647,0.24652822300000002
5.262000083999999,0.995538592,0.492345721,0.443323463,0.6117045879999999,0.015317135
5.122999999999999,1.27607,0.7936300000000001,0.44727,0.11690999999999999,0.01521
5.477,1.0076100000000001,0.07197,0.56066,0.37744,0.07521
6.477,0.91861,0.05051,0.53466,0.18400999999999998,0.0512
6.985,1.3730000000000002,0.987,0.495,0.261,0.265
4.179999828,0.603048921,0.04864217,0.447706193,0.20123747,0.130061775
6.453999996,1.217559695,0.7192168240000001,0.5793922539999999,0.17509692899999998,0.178061873
7.324,1.268,0.8759999999999999,0.669,0.365,0.389
5.973,0.889,0.736,0.556,0.114,0.12
3.36,0.38227,0.17344,0.1643,0.31268,0.07112
5.44,0.0,0.11465999999999998,0.5677800000000001,0.27225,0.3118
3.083,0.024,0.01,0.305,0.218,0.038
4.375999928,0.900596738,0.637524426,0.198303267,0.083488092,0.026674422000000003
5.546,1.31857,0.8488,0.29507,0.27906,0.05227999999999999
6.825,1.5030000000000001,0.825,0.598,0.262,0.182
6.423999786,1.127868772,0.647239029,0.580200732,0.57212311,0.031612735
4.534999847,0.47930902200000003,0.40936285299999997,0.37792226700000003,0.183468893,0.11546044800000001
5.269000053,0.7268835309999999,0.402047783,0.23521526199999998,0.31544601899999997,0.12434806699999999
5.155,1.02787,0.5766899999999999,0.52259,0.21286,0.12372000000000001
6.167000000000001,0.8059999999999999,0.639,0.461,0.065,0.08199999999999999
4.404,0.74036,0.45091000000000003,0.40285,0.25028,0.08722
4.252,0.8379200000000001,0.64035,0.32461,0.06786,0.3188
6.886,1.3980000000000001,0.8190000000000001,0.547,0.29100000000000004,0.133
4.0809998510000005,0.381430715,0.217632607,0.443185955,0.325766057,0.057069719000000005
5.25,1.128431201,0.617144227,0.153997123,0.06501963,0.064491123
7.526,1.4417799999999998,0.79504,0.5794100000000001,0.36171,0.44453000000000004
3.582,0.315,0.289,0.025,0.392,0.10400000000000001
6.354,1.286,1.062,0.36200000000000004,0.153,0.079
5.81,1.151,0.599,0.39899999999999997,0.065,0.025
5.915,1.294,0.988,0.5529999999999999,0.079,0.15
4.315000057,0.7922212479999999,0.455427617,0.469987005,0.231538489,0.092226885
3.9730000000000003,0.27399999999999997,0.505,0.142,0.275,0.078
4.415,0.9731799999999999,0.62007,0.50817,0.46978000000000003,0.07964
5.429999828,0.857699215,0.468009055,0.5852146739999999,0.19351342300000002,0.099331893
6.4879999999999995,1.038,0.7609999999999999,0.479,0.069,0.095
4.996,0.611,0.486,0.381,0.245,0.04
4.292,0.016040000000000002,0.0613,0.43054,0.33128,0.06977
4.465000153,1.198210239,0.356578588,0.312328577,0.043785378,0.076046787
7.377999999999999,1.32944,0.027989999999999998,0.6157600000000001,0.4761,0.31814000000000003
5.631,0.807,0.657,0.5579999999999999,0.11699999999999999,0.107
3.739,0.31995,0.21297,0.3337,0.24353000000000002,0.12533
6.5920000000000005,1.324,1.045,0.436,0.111,0.183
7.021,1.499,0.9990000000000001,0.516,0.298,0.31
5.295,0.9790000000000001,0.687,0.077,0.055,0.135
4.812,0.6729999999999999,0.508,0.37200000000000005,0.105,0.09300000000000001
5.824,0.9001899999999999,0.04615,0.41496000000000005,0.14982,0.05989
4.552999973,0.560479462,0.30998835,0.452763766,0.444860309,0.064641319
5.265,0.696,0.245,0.426,0.215,0.040999999999999995
3.4709999560000004,0.368745893,0.326424807,0.581843853,0.252756029,0.455220014
2.904999971,0.091622569,0.151610792,0.059900753,0.204435185,0.084147945
4.512,0.19072999999999998,0.0378,0.4345,0.24325,0.15048
6.005,1.25142,0.62366,0.39031,0.41473999999999994,0.09081
6.297999999999999,1.29098,0.03868,0.3974,0.25376,0.08129
5.791,1.12555,0.04263,0.53122,0.16759000000000002,0.04212
4.49,0.57,0.489,0.066,0.106,0.08800000000000001
4.714000225,1.161459088,0.70821768,0.289231718,0.11317769400000001,0.011051531000000002
6.105000018999999,1.6329524519999998,0.632105708,0.49633759299999997,0.22828979800000002,0.21515955
2.905,0.091,0.145,0.065,0.149,0.076
6.379,1.093,0.7709999999999999,0.625,0.13,0.155
4.754,0.67024,0.56844,0.17744000000000001,0.11154000000000001,0.10613
5.813,1.2692,0.64674,0.18929,0.02025,0.0182
4.548,1.1,0.785,0.305,0.27,0.125
5.653,0.677,0.535,0.313,0.22,0.098
4.907,0.9885299999999999,0.55469,0.35972,0.34539000000000003,0.03285
3.6919999999999997,0.35700000000000004,0.248,0.406,0.132,0.099
3.408,0.332,0.4,0.636,0.2,0.444
4.906000000000001,0.8370000000000001,0.815,0.38299999999999995,0.11,0.13
4.419,0.36471,0.04734,0.42215,0.37542,0.05839
6.609000206,1.352682352,0.7544440029999999,0.49094617399999996,0.088106759,0.036872927
3.5329999919999997,0.119041793,0.229918197,0.332881182,0.266549885,0.038948249
4.874,0.82819,0.03313,0.43626000000000004,0.3323,0.026660000000000003
3.781,0.2852,0.05061,0.32878,0.34376999999999996,0.05747000000000001
4.34,0.853,0.643,0.375,0.038,0.215
3.622,0.10705999999999999,0.23165,0.25748000000000004,0.24063,0.04852
4.272,0.05661,0.188,0.15602,0.25458000000000003,0.06075
3.38,0.287,0.46299999999999997,0.14300000000000002,0.10800000000000001,0.077
5.89,0.8190000000000001,0.693,0.575,0.096,0.031
6.453999996,0.8720019459999999,0.54023999,0.531310618,0.283488393,0.077223279
5.86,0.642,0.828,0.507,0.24600000000000002,0.078
5.757999999999999,1.2009999999999998,0.828,0.19899999999999998,0.081,0.02
3.995,0.26074,0.05602000000000001,0.38856999999999997,0.18798,0.12352
3.59,1.0170000000000001,0.41700000000000004,0.557,0.042,0.092
3.9560000000000004,0.23906,0.04797,0.22916999999999998,0.17440999999999998,0.19899999999999998
7.284,1.33358,0.04083,0.6512399999999999,0.43562,0.35636999999999996
6.13,0.76454,0.056179999999999994,0.4035,0.10692,0.11775999999999999
5.082,0.7959999999999999,0.527,0.541,0.364,0.171
3.832,0.39394,0.15780999999999998,0.19662000000000002,0.25899,0.13015
5.813,1.0319200000000002,0.03938,0.37938,0.11045999999999999,0.1909
3.8560000000000003,0.1327,0.26161999999999996,0.38040999999999997,0.2097,0.17176
5.102,1.15991,0.04802,0.51469,0.13719,0.01078
6.1979999999999995,1.246,0.8809999999999999,0.33399999999999996,0.121,0.013999999999999999
7.2860000000000005,1.2501799999999998,0.033710000000000004,0.6393800000000001,0.47501000000000004,0.42922
6.871,1.6975200000000001,0.8454200000000001,0.5487,0.27571,0.35329
6.951000214,1.4879233840000001,0.798950732,0.562511384,0.33626917,0.276731938
7.138999999999999,1.341,0.8909999999999999,0.617,0.242,0.22399999999999998
7.587000000000001,1.3965100000000001,0.03411,0.66557,0.29678000000000004,0.41978000000000004
5.252999999999999,0.77042,0.03225,0.5320600000000001,0.47998,0.15445
4.758,1.036,0.40399999999999997,0.35600000000000004,0.032,0.052000000000000005
7.104,1.50796,0.779,0.48163,0.41076999999999997,0.14868
4.949,0.8322299999999999,0.06913,0.09245,0.24808000000000002,0.00227
4.898,0.37545,0.09437999999999999,0.31767,0.16388,0.12504
3.5069999689999998,0.24454993,0.19412913899999998,0.34858751299999996,0.264815092,0.110937618
6.122999999999999,0.74553,0.052239999999999995,0.57733,0.27489,0.09472
6.65,1.15137,0.69711,0.42283999999999994,0.10989000000000002,0.07296
4.587,0.331,0.38,0.255,0.177,0.113
7.006000042,1.4870972630000001,0.8153284190000001,0.56776619,0.316472322,0.221060365
6.324,0.83454,0.5403899999999999,0.50379,0.28808,0.08701
6.714000225,1.44163394,0.8053359390000001,0.508190036,0.492774159,0.265428066
5.195000172,1.315175295,0.7958435420000001,0.4984653,0.095102713,0.015869452
3.766000032,1.122094154,0.34175550899999996,0.505196333,0.099348448,0.09858319900000001
6.43,1.112,0.759,0.597,0.125,0.063
4.788,0.59532,0.056479999999999995,0.40148,0.23026999999999997,0.06825
5.693,1.2209999999999999,0.9990000000000001,0.508,0.047,0.025
4.513999939,0.636406779,0.257835895,0.461603492,0.249580145,0.07821355
4.374,0.268,0.242,0.309,0.252,0.045
3.303,0.28123000000000004,0.24811,0.34678000000000003,0.17517,0.11587
4.236000000000001,0.7710899999999999,0.28212,0.37938,0.12077,0.09752999999999999
5.207999999999999,0.8009999999999999,0.782,0.418,0.036000000000000004,0.076
6.574,1.05351,0.04612,0.44974,0.11450999999999999,0.08484
4.518,0.26673,0.07331,0.24425,0.46187,0.17175
4.1199998860000004,0.6672248239999999,0.295637727,0.42302629399999997,0.25692394399999996,0.02533637
4.513,0.5249699999999999,0.12697999999999998,0.42736,0.2268,0.06126
6.374,1.649,0.748,0.654,0.256,0.171
6.890999794,1.463780761,0.8180918690000001,0.539770722,0.231503338,0.251343131
5.975,0.8640200000000001,0.04528,0.48573999999999995,0.11540999999999998,0.1809
4.913,0.446,0.677,0.439,0.285,0.08900000000000001
5.835,1.35948,0.88645,0.25168,0.18824000000000002,0.07716
5.603,1.004,0.8540000000000001,0.282,0.13699999999999998,0.039
5.611000061,1.32087934,0.695168316,0.47913143,0.098890811,0.18324892199999998
4.290999889,0.808964252,0.28995743399999996,0.435025871,0.120852128,0.07961813400000001
6.928999999999999,1.42539,0.8195899999999999,0.51354,0.2424,0.26248
4.218999999999999,0.44314,0.40457,0.31056,0.19103,0.11681
7.278,1.2285700000000002,0.0347,0.41318999999999995,0.33171999999999996,0.07785
4.961999893,0.47982019200000003,0.504130781,0.44030594799999995,0.394096166,0.072975546
5.89,0.831,0.831,0.49,0.107,0.027999999999999997
4.559,0.85,0.815,0.28300000000000003,0.095,0.064
4.356,0.557,0.292,0.129,0.134,0.09300000000000001
6.402999877999999,1.384397864,0.8889606,0.40878123,0.190133572,0.070914097
4.459,1.02416,0.18611,0.42483000000000004,0.13656,0.08415
5.636,1.016,0.517,0.41700000000000004,0.19899999999999998,0.037000000000000005
6.375,1.403,0.795,0.439,0.08,0.132
5.121,1.0193,0.6473800000000001,0.27668000000000004,0.23506999999999997,0.07047
6.598999977,1.1852954629999999,0.6951370840000001,0.494519204,0.109457061,0.059739888
3.6029999260000003,0.368610263,0.27732113,0.030369857000000004,0.489203781,0.09987215
4.944,0.569,0.23199999999999998,0.35200000000000004,0.154,0.09
7.327999999999999,1.33,0.8959999999999999,0.653,0.321,0.29100000000000004
5.372999999999999,1.183,0.8079999999999999,0.195,0.083,0.106
5.43,1.4380000000000002,1.122,0.44,0.258,0.287
5.64,0.657,0.62,0.23199999999999998,0.171,0.0
5.809,1.173,0.7290000000000001,0.41,0.146,0.096
7.404,1.44015,0.8276,0.5737,0.44833999999999996,0.31329
3.795,0.73,0.26899999999999996,0.0,0.079,0.061
6.068,0.8737,0.596,0.37269,0.08877,0.10613
5.3020000000000005,0.982,0.614,0.578,0.12,0.106
7.537000179,1.616463184,0.796666503,0.635422587,0.362012237,0.315963835
5.933,1.148,0.6709999999999999,0.363,0.092,0.066
6.977000237,1.535706639,0.809782624,0.573110342,0.427858323,0.298388153
6.952000000000001,1.08754,0.61415,0.40425,0.15775999999999998,0.14165999999999998
5.987,0.7359100000000001,0.50163,0.60848,0.34326,0.28333
4.245,0.069,0.204,0.312,0.19699999999999998,0.052000000000000005
5.131,0.53,0.594,0.54,0.281,0.035
7.497999999999999,1.57744,0.79579,0.59609,0.37895,0.35775999999999997
4.975,0.535,0.182,0.45399999999999996,0.183,0.043
5.287000000000001,1.181,0.9990000000000001,0.067,0.0,0.034
7.4270000000000005,1.32629,0.03553,0.63297,0.45811,0.32957
5.3389999999999995,1.2209999999999999,0.828,0.508,0.26,0.024
7.228,1.3719999999999999,1.036,0.557,0.332,0.29
4.077,0.5464899999999999,0.04367,0.35570999999999997,0.09131,0.07854
5.093,0.899,0.522,0.5379999999999999,0.484,0.018000000000000002
4.190000057,0.476180494,0.169365674,0.306613743,0.183354199,0.10497024699999999
5.0569999999999995,0.25558000000000003,0.33108000000000004,0.3913,0.51479,0.36794
4.168000221000001,0.601765096,0.429783404,0.633375823,0.385922968,0.068105951
5.895,1.301,1.036,0.159,0.175,0.055999999999999994
5.5,1.1982743740000001,0.637605608,0.30074059999999997,0.046693042000000004,0.09967158
6.596,1.30915,0.76376,0.41418,0.09929,0.03986
3.597,0.32299999999999995,0.449,0.026000000000000002,0.419,0.11
4.695000172,0.564305365,0.132892117,0.43038874899999996,0.236298457,0.051306631
4.369,0.44025,0.08096,0.46074,0.18093,0.28105
5.976,0.97306,0.68613,0.4027,0.10074,0.18037
5.877999999999999,0.75985,0.045630000000000004,0.53899,0.3424,0.08242000000000001
5.394999981000001,1.069317579,0.650784671,0.208715528,0.220125884,0.040903781
6.355,1.05266,0.6180399999999999,0.21006,0.07044,0.16157
4.35,0.308,0.391,0.452,0.22,0.146
5.754,1.13145,0.07832,0.41668,0.18295,0.11023
2.839,0.20868,0.06727000000000001,0.36453,0.16680999999999999,0.10730999999999999
4.321000000000001,0.816,0.6659999999999999,0.26,0.077,0.027999999999999997
6.141,0.6679999999999999,0.7,0.527,0.20800000000000002,0.128
4.696000000000001,0.657,0.672,0.225,0.10300000000000001,0.066
6.168000221000001,1.361355901,0.519983292,0.518630743,0.325296462,0.008964816
6.105,1.338,0.698,0.594,0.243,0.12300000000000001
5.945,1.1159999999999999,0.726,0.528,0.08800000000000001,0.001
6.2620000000000005,1.5719999999999998,1.141,0.556,0.271,0.45299999999999996
4.301,0.358,0.053,0.18899999999999997,0.18100000000000002,0.06
6.419,0.986,0.675,0.493,0.11,0.08800000000000001
4.308,0.682,0.429,0.58,0.598,0.17800000000000002
7.376999855,1.503944635,0.810696125,0.585384488,0.47048983,0.282661825
4.41,0.493,0.45399999999999996,0.504,0.35200000000000004,0.055
3.484,0.39499,0.21028000000000002,0.39747,0.2018,0.06681000000000001
5.432,1.155,0.914,0.29600000000000004,0.11900000000000001,0.022000000000000002
5.207999999999999,1.043,0.769,0.35100000000000003,0.035,0.182
4.3660000000000005,0.9490000000000001,0.831,0.47,0.244,0.047
4.575,1.07474,0.51076,0.24856,0.19589,0.13635999999999998
5.493000031,0.932537317,0.579250693,0.47350779200000004,0.224150658,0.09106591300000001
5.185,0.9590000000000001,0.691,0.39399999999999996,0.17300000000000001,0.052000000000000005
4.871,0.69429,0.5838300000000001,0.26755,0.2044,0.06906
4.686,1.0088,0.044489999999999995,0.30033000000000004,0.38086,0.058629999999999995
4.715,0.59867,0.04394,0.24499,0.11250999999999999,0.12905
4.362,0.95395,0.5211600000000001,0.18847,0.12705999999999998,0.10393
5.919,1.22943,0.57386,0.4052,0.15011,0.11132
3.515,0.32846,0.31865,0.5432,0.23551999999999998,0.50521
5.013,0.7347899999999999,0.0342,0.41691000000000006,0.07172,0.08546000000000001
4.592,0.9,0.69,0.271,0.04,0.063
5.920000076,1.4169151780000002,0.9134758709999999,0.505625546,0.12057276800000001,0.163760737
6.31,1.251,0.965,0.449,0.142,0.07400000000000001
4.189,0.332,0.44299999999999995,0.35600000000000004,0.252,0.06
7.313,1.4444299999999999,0.8512,0.5683699999999999,0.47407,0.32331
7.272,1.34,0.91,0.647,0.361,0.302
6.361000000000001,1.34253,0.8789600000000001,0.37545,0.17665,0.06137000000000001
3.931,0.21101999999999999,0.04317,0.45726999999999995,0.29066,0.07267
5.011000156000001,0.8854163890000001,0.495879292,0.5015376810000001,0.474054545,0.17338039
3.59100008,0.397248626,0.163486004,0.147062436,0.28567081699999997,0.116793513
4.461,0.9209999999999999,0.815,0.16699999999999998,0.059000000000000004,0.055
4.559,0.682,0.34299999999999997,0.514,0.091,0.077
4.631,0.429,0.433,0.406,0.138,0.08199999999999999
4.709000111,0.368420929,0.005564754,0.318697691,0.293040901,0.071095176
3.79399991,0.40147721799999997,0.180746779,0.10617952,0.311870933,0.06115783
4.8389999999999995,1.0256399999999999,0.04337,0.33916,0.21854,0.04582
3.6069999999999998,0.22415,0.18829,0.30953,0.29914,0.1192
3.2310000000000003,0.47600000000000003,0.499,0.41700000000000004,0.276,0.147
5.524,0.775,0.513,0.643,0.12,0.105
5.3229999999999995,1.067,0.789,0.235,0.094,0.142
6.892,1.433,0.8740000000000001,0.45399999999999996,0.28,0.128
3.695,0.27954,0.37109000000000003,0.13684000000000002,0.2204,0.07506
3.7239999999999998,0.57939,0.31048000000000003,0.2287,0.09821,0.05892000000000001
4.7219999999999995,0.96,0.469,0.389,0.13,0.055
4.933,1.054,0.7120000000000001,0.359,0.064,0.009000000000000001
4.519,0.8859999999999999,0.752,0.34600000000000003,0.043,0.16399999999999998
6.3020000000000005,1.2074,0.04206,0.60365,0.51752,0.13585999999999998
3.5869999999999997,0.25811999999999996,0.04324,0.39493,0.21746999999999997,0.12832000000000002
7.187,1.02054,0.041760000000000005,0.48181,0.14074,0.21311999999999998
6.452000141,1.233748436,0.706156135,0.550026834,0.210556939,0.070983924
4.276,0.63107,0.29681,0.40973000000000004,0.21203000000000002,0.0326
6.122999999999999,1.176,0.7809999999999999,0.546,0.10800000000000001,0.064
3.763,0.42213999999999996,0.038239999999999996,0.12807000000000002,0.18667,0.04952
4.4239999999999995,0.314,0.254,0.312,0.175,0.128
6.086999893,1.488412261,0.653133035,0.5367469189999999,0.17266848699999998,0.25704217
4.291999817,0.648457289,0.28534928,0.09609804300000001,0.20187002399999998,0.136957005
3.9360001089999996,0.438012987,0.041134715,0.162342027,0.21611385,0.053581882000000004
5.098,1.11312,0.0464,0.29671,0.18225999999999998,0.06332
4.324,0.87287,0.58628,0.12859,0.20363,0.01829
6.52699995,1.343279839,0.8219442370000001,0.588767052,0.574730575,0.153066069
5.97300005,1.291787863,0.699475348,0.520342112,0.15846596699999999,0.059307806
4.35,0.7682100000000001,0.04763,0.19847,0.07855,0.039
5.18200016,0.9824094179999999,0.7051863070000001,0.204403177,0.328867495,0.0
4.8,1.12094,0.061070000000000006,0.32111999999999996,0.128,0.02758
5.566,0.985,0.5529999999999999,0.496,0.11599999999999999,0.14800000000000002
4.2010000000000005,0.6139100000000001,0.28639000000000003,0.1268,0.22685999999999998,0.17955
5.0569999999999995,0.18847,0.061610000000000005,0.46581999999999996,0.5031800000000001,0.39928
3.4619999999999997,0.619,0.44,0.013000000000000001,0.331,0.141
3.975,0.073,0.44299999999999995,0.37,0.233,0.033
5.254,0.779,0.669,0.46,0.026000000000000002,0.07400000000000001
5.715000152999999,1.0352252720000001,0.6301661129999999,0.45000287899999997,0.126819715,0.047049087
5.2010000000000005,1.024,0.603,0.43,0.031,0.17600000000000002
4.418,0.094,0.35700000000000004,0.26899999999999996,0.212,0.053
5.1610000000000005,0.8220000000000001,0.645,0.46799999999999997,0.13,0.134
4.212,0.8109999999999999,0.0,0.313,0.07400000000000001,0.135
5.36,0.63216,0.03107,0.59444,0.1686,0.10440999999999999
4.19,0.721,0.485,0.539,0.172,0.09300000000000001
6.182,1.206,0.884,0.483,0.11699999999999999,0.05
4.573999882,0.9644343259999999,0.33861181100000004,0.520303547,0.077133745,0.093146972
6.814,1.301,0.883,0.5329999999999999,0.354,0.272
4.297,0.7419,0.042210000000000004,0.40576999999999996,0.055470000000000005,0.38331
6.436,0.8,0.746,0.535,0.175,0.078
4.574,0.9328700000000001,0.34745,0.48613999999999996,0.07795,0.10397999999999999
5.31099987,0.9255793090000001,0.641022384,0.474307239,0.233818337,0.055267780999999995
4.433,0.5489999999999999,0.457,0.696,0.256,0.065
4.107,0.578,0.426,0.431,0.247,0.087
5.7589999999999995,1.08254,0.04394,0.25883,0.054439999999999995,0.0243
5.293000221000001,1.222556233,0.7012885209999999,0.255772293,0.248002976,0.04310311
7.555,1.351,0.868,0.6829999999999999,0.284,0.408
7.406000000000001,1.29025,0.0314,0.64169,0.23351,0.41372
4.876,0.5906600000000001,0.06698,0.59591,0.42191999999999996,0.24249
4.447,0.37,0.152,0.36700000000000005,0.139,0.055999999999999994
5.984,1.24461,0.04098,0.33208000000000004,0.18557,0.07857
4.804999828,1.007265806,0.613212049,0.28968069,0.049693357,0.086723149
4.28000021,0.092102349,0.191407025,0.23596134800000002,0.246455833,0.060241355999999996
5.709,0.81038,0.13693,0.50442,0.2123,0.02299
5.428999999999999,1.15174,0.04013,0.44888,0.0868,0.15184
5.525000095,1.101803064,0.52016902,0.46573323,0.152073666,0.09261021
4.456,1.01,0.536,0.304,0.14800000000000002,0.095
6.965,1.34,0.861,0.586,0.273,0.28
7.553999999999999,1.4880000000000002,1.028,0.603,0.271,0.341
6.329,1.23011,0.03468,0.45951000000000003,0.18227000000000002,0.06398
6.223,1.294,1.0390000000000001,0.231,0.158,0.03
3.6319999999999997,0.332,0.255,0.085,0.191,0.036000000000000004
4.982,0.0,0.115,0.674,0.23800000000000002,0.282
5.358,0.965,0.785,0.503,0.214,0.136
3.41,0.191,0.495,0.44299999999999995,0.218,0.08900000000000001
6.096,0.7190000000000001,0.605,0.7240000000000001,0.32799999999999996,0.259
4.103,0.7929999999999999,0.609,0.163,0.187,0.011000000000000001
5.247000000000001,1.052,0.657,0.39399999999999996,0.244,0.027999999999999997
4.707,0.96,0.805,0.154,0.064,0.047
5.1770000000000005,1.03437,0.6458,0.15718,0.20736999999999997,0.04339
5.230000018999999,1.0793738370000001,0.574873745,0.552589834,0.18696785,0.11394525300000001
7.504000187000001,1.48063302,0.8335521220000001,0.627162635,0.47554022100000004,0.153526559
5.893,1.237,0.8740000000000001,0.495,0.10300000000000001,0.161
6.375,1.82427,0.71723,0.56679,0.32388,0.48049
5.529,0.685,0.7390000000000001,0.245,0.18100000000000002,0.0
6.993000031,1.546259284,0.7742866279999999,0.5057405229999999,0.392578781,0.135638788
6.072,1.016,0.7070000000000001,0.637,0.364,0.028999999999999998
6.192,1.2229999999999999,0.564,0.575,0.171,0.019
4.623,0.72,0.441,0.626,0.23,0.174
5.061,0.74037,0.66157,0.5595399999999999,0.25075,0.11556
5.175,0.741,0.851,0.5429999999999999,0.147,0.073
5.235000134,0.878114581,0.597710669,0.408158332,0.032209955,0.08776318300000001
4.796,0.764,0.551,0.547,0.266,0.16399999999999998
3.667,0.34193,0.0383,0.23501,0.18386,0.05269
5.274,0.983,0.838,0.345,0.185,0.034
5.739,1.2,0.737,0.5529999999999999,0.086,0.174
5.9559998510000005,0.9079753159999999,0.450191766,0.547509372,0.240015641,0.09658107199999999
5.194,0.59543,0.03726,0.12102,0.33671,0.10464000000000001
5.124,1.04345,0.06607,0.35068,0.13748,0.006490000000000001
3.964,0.344,0.21100000000000002,0.39399999999999996,0.185,0.094
5.809999942999999,1.346911311,0.834647238,0.471203625,0.266845703,0.155353352
7.412999999999999,1.40598,0.81091,0.57104,0.25492,0.41003999999999996
6.91,1.5759999999999998,0.8959999999999999,0.632,0.196,0.321
5.483,1.148,0.6859999999999999,0.324,0.106,0.109
3.9330000000000003,0.27399999999999997,0.555,0.14800000000000002,0.16899999999999998,0.040999999999999995
5.425,1.015,0.779,0.49700000000000005,0.113,0.10099999999999999
5.033,1.24886,0.80029,0.05822000000000001,0.0,0.04127
4.7989999999999995,1.057,0.5710000000000001,0.295,0.043,0.055
4.959,0.8786700000000001,0.05013,0.35733000000000004,0.14272,0.06412999999999999
6.292999999999999,1.124,0.8909999999999999,0.523,0.127,0.15
5.992000000000001,0.69384,0.65213,0.46581999999999996,0.29773,0.16292
6.474,1.0893,0.64915,0.49553,0.58696,0.02833
6.007999897,1.0008203979999999,0.6856362220000001,0.45519819899999997,0.150112465,0.140134647
4.073,0.31292,0.16347,0.27544,0.21064000000000002,0.13647
6.5729999999999995,1.57352,0.72993,0.56215,0.26591,0.35561
5.662999999999999,0.934,0.674,0.53,0.092,0.034
5.335999966,0.9910123940000001,0.604590058,0.418421149,0.17217046,0.11980327199999999
6.852,1.2690000000000001,0.92,0.457,0.046,0.036000000000000004
5.689,1.20813,0.0558,0.40671999999999997,0.30638000000000004,0.06146
4.096000195,0.8946519490000001,0.575903952,0.122974776,0.270061463,0.023029471
4.739,0.88113,0.03589,0.26268,0.06431,0.06358
5.952000000000001,1.197,0.716,0.35,0.026000000000000002,0.006
5.212000000000001,1.02389,0.03363,0.3703,0.07799,0.16065
4.466,0.204,0.39,0.494,0.19699999999999998,0.138
6.374,1.6840000000000002,0.871,0.555,0.22,0.16699999999999998
3.9160000000000004,0.55507,0.04476,0.40663,0.20338,0.1553
5.768,1.2994700000000001,0.79151,0.53164,0.25738,0.03635
7.6,1.383,0.996,0.5920000000000001,0.252,0.41
6.489,1.2930000000000001,0.9079999999999999,0.52,0.098,0.17600000000000002
4.217,1.11306,0.67806,0.21219000000000002,0.12793,0.00615
4.141,0.37799999999999995,0.24,0.44,0.163,0.067
6.021,1.5,0.8079999999999999,0.493,0.142,0.09699999999999999
5.6579999999999995,1.08017,0.44006000000000006,0.37408,0.22566999999999998,0.28467
7.039,1.35943,0.77758,0.46823000000000004,0.22202,0.12275
2.905,0.06831,0.15747,0.0432,0.2029,0.09419
6.239,1.61714,0.63569,0.43166000000000004,0.15965,0.23669
6.595,1.07,0.861,0.433,0.07400000000000001,0.073
5.605,0.93929,0.05099,0.28579,0.07822,0.17382999999999998
6.441999912000001,1.430923462,0.844465852,0.470222116,0.129762307,0.172502428
5.818999767,1.28455627,0.606041551,0.43745428299999994,0.201964423,0.11928288599999999
5.921,1.3800700000000001,0.91491,0.46761,0.10224,0.18985
6.75,1.32792,0.01848,0.6147699999999999,0.28214,0.21843
3.808000088,0.5210212470000001,0.0,0.39066129899999996,0.157497272,0.11909464
5.073999882,0.783756256,0.05691573,0.394952565,0.23094719600000002,0.026121566000000002
3.656,0.17417,0.0359,0.37725,0.28657,0.12139000000000001
3.845,0.0694,0.036019999999999996,0.47691999999999996,0.19387000000000001,0.15639
3.2539999999999996,0.337,0.177,0.11199999999999999,0.22399999999999998,0.106
4.5500001910000005,0.23430565,0.106654435,0.48079109200000003,0.32222810399999996,0.179436386
6.002999783,0.9097844959999999,0.596018553,0.43245253,0.078257985,0.08998096
7.468999863,1.443571925,0.80915767,0.6179508570000001,0.24548277300000002,0.38261154299999994
5.261,0.551,0.723,0.508,0.3,0.023
5.073,0.70532,0.049339999999999995,0.62545,0.24991,0.12279000000000001
5.398,0.975,0.685,0.28800000000000003,0.134,0.043
7.343,1.3869999999999998,1.0090000000000001,0.574,0.267,0.373
4.795,0.61202,0.23573000000000002,0.42662,0.17865999999999999,0.11479
5.044,0.5489999999999999,0.331,0.381,0.187,0.037000000000000005
5.268,0.65435,0.04192,0.34334000000000003,0.27233,0.0403
7.5089999999999995,1.5273299999999999,0.86303,0.58557,0.28083,0.41203
4.724,0.94,0.33,0.516,0.10300000000000001,0.055999999999999994
5.192,0.9309999999999999,0.66,0.491,0.498,0.027999999999999997
5.291,1.12373,0.54504,0.35327,0.0564,0.17914000000000002
5.962999821,1.2817780970000001,0.547349334,0.37378311200000003,0.052263822,0.032962881
6.379,1.39729,0.79565,0.32377,0.25495,0.0663
6.192,1.2309999999999999,0.713,0.489,0.185,0.016
4.571000000000001,0.0712,0.11068,0.28531,0.24361999999999998,0.06232000000000001
3.8960000000000004,1.06024,0.04547,0.31914000000000003,0.06822,0.11091
5.848,1.18498,0.04251,0.60855,0.25328,0.03787
5.132000000000001,0.68816,0.40306,0.14622000000000002,0.31185,0.1388
6.611000000000001,1.69042,0.06257,0.6404,0.32573,0.52208
5.082,0.813,0.604,0.457,0.37,0.16699999999999998
6.455,0.9669,0.03557,0.5566399999999999,0.5763,0.031869999999999996
5.234000206,1.153601766,0.540775776,0.398155838,0.04526934,0.180987507
7.087000000000001,1.06879,0.76146,0.55225,0.22553,0.10547000000000001
7.522,1.459,0.0388,0.66973,0.34699,0.36503
4.36,0.71,0.555,0.525,0.5660000000000001,0.172
5.332000000000001,1.06098,0.03864,0.22815,0.12253,0.15746
4.497000217,1.102710485,0.50118047,0.28855553300000003,0.19963726399999998,0.107215755
7.28399992,1.484414935,0.843886793,0.6016073820000001,0.47769925,0.30118373
3.4619999999999997,0.6890000000000001,0.539,0.08800000000000001,0.376,0.14400000000000002
6.627000000000001,1.27,0.884,0.645,0.376,0.142
7.053999999999999,1.3330000000000002,0.996,0.45,0.348,0.278
3.9989999999999997,0.259,0.253,0.434,0.158,0.10099999999999999
6.252999999999999,0.794,0.789,0.43,0.09300000000000001,0.07400000000000001
5.2270002369999995,1.2894874809999999,0.810198903,0.09573125099999999,0.0,0.043289777
5.011,1.092,0.815,0.311,0.081,0.004
5.191,1.0290000000000001,0.893,0.521,0.057999999999999996,0.1
5.752000000000001,0.7509999999999999,0.508,0.606,0.141,0.054000000000000006
6.421999931,1.4336265330000002,0.7939842340000001,0.361466587,0.258360475,0.063829236
5.472,0.652,0.424,0.33399999999999996,0.21600000000000003,0.113
7.48,1.452,1.052,0.5720000000000001,0.263,0.34299999999999997
5.875,1.266,0.955,0.244,0.175,0.051
6.1739999999999995,0.745,0.7559999999999999,0.631,0.322,0.24
5.822,0.79422,0.4697,0.50961,0.21698,0.07746
7.4879999999999995,1.396,0.9990000000000001,0.557,0.322,0.298
5.197,0.987,0.815,0.21600000000000003,0.166,0.027000000000000003
4.417,0.198,0.17300000000000001,0.531,0.20600000000000002,0.158
5.040999889,0.524713635,0.529235125,0.47156670700000003,0.248997644,0.14637714599999999
6.739,1.64555,0.94719,0.4877,0.32706,0.46986999999999995
7.561,1.3023200000000001,0.048839999999999995,0.6287699999999999,0.4363,0.14145
3.678,0.0785,0.06112000000000001,0.48878999999999995,0.23835,0.08288999999999999
7.493999958,1.5649795530000001,0.858131289,0.620070577,0.290549278,0.367007285
4.440000057,1.009850144,0.6251308320000001,0.561213255,0.49086356200000003,0.073653966
6.375,1.870765686,0.710098088,0.604130983,0.33047387,0.439299256
5.399,0.8282700000000001,0.025960000000000004,0.46611,0.51535,0.0
4.857,1.15406,0.05062,0.07699,0.0,0.013969999999999998
6.726,1.3,0.9990000000000001,0.564,0.375,0.151
6.485,1.06166,0.04539,0.6036199999999999,0.2324,0.24558000000000002
3.461999893,0.7771531340000001,0.500533342,0.081539445,0.49366372799999997,0.151347131
6.26,0.96,0.635,0.531,0.099,0.039
4.1930000000000005,0.35041,0.1595,0.25429,0.18503,0.08582000000000001
6.172999999999999,1.21,0.7759999999999999,0.354,0.11800000000000001,0.013999999999999999
4.996,0.48835,0.5311899999999999,0.43408,0.25998000000000004,0.13509000000000002
5.77,1.12486,0.0433,0.5302399999999999,0.33075,0.10500999999999999
5.1610000000000005,1.07838,0.6353300000000001,0.15111,0.17190999999999998,0.12721
3.681,0.20824,0.03633,0.19184,0.21333000000000002,0.08123999999999999
6.937,1.30782,0.03595,0.5845,0.2225,0.2254
5.822999954,0.8337565659999999,0.47363025,0.558732927,0.225560725,0.060477725999999996
3.34,0.28665,0.03656,0.4845,0.1826,0.0801
4.356,0.52267,0.30146999999999996,0.40576,0.41328000000000004,0.06686
3.775,0.046,0.38,0.22,0.17600000000000002,0.18
6.778,1.1150799999999998,0.71143,0.37709000000000004,0.11735,0.18355
5.43,1.405,1.03,0.524,0.24600000000000002,0.29100000000000004
5.517,1.2796399999999999,0.68098,0.41511000000000003,0.08423,0.18519000000000002
4.793,0.44626000000000005,0.50073,0.37012,0.3816,0.07007999999999999
4.545000076,0.36711055,0.397522569,0.514492035,0.8380751609999999,0.188816205
4.436,0.45407,0.03947,0.24231999999999998,0.21899999999999997,0.17461
4.875,0.75216,0.05108,0.27854,0.23219,0.0305
