happiness_score,gdp,life_expectancy,freedom,generosity,corruption
7.632,1.305,0.874,0.681,0.202,0.393
7.594,1.456,0.861,0.686,0.286,0.34
7.555,1.351,0.868,0.683,0.284,0.408
7.495,1.343,0.914,0.677,0.353,0.138
7.487,1.42,0.927,0.66,0.256,0.357
7.441,1.361,0.878,0.638,0.333,0.295
7.328,1.33,0.896,0.653,0.321,0.291
7.324,1.268,0.876,0.669,0.365,0.389
7.314,1.355,0.913,0.659,0.285,0.383
7.272,1.34,0.91,0.647,0.361,0.302
7.19,1.244,0.888,0.464,0.262,0.082
7.139,1.341,0.891,0.617,0.242,0.224
7.072,1.01,0.817,0.632,0.143,0.101
6.977,1.448,0.876,0.614,0.307,0.306
6.965,1.34,0.861,0.586,0.273,0.28
6.927,1.324,0.894,0.583,0.188,0.24
6.91,1.576,0.896,0.632,0.196,0.321
6.886,1.398,0.819,0.547,0.291,0.133
6.814,1.301,0.883,0.533,0.354,0.272
6.711,1.233,0.854,0.543,0.064,0.034
6.627,1.27,0.884,0.645,0.376,0.142
6.489,1.293,0.908,0.52,0.098,0.176
6.488,1.038,0.761,0.479,0.069,0.095
6.476,1.131,0.808,0.431,0.197,0.061
6.441,1.365,0.857,0.418,0.151,0.078
6.43,1.112,0.759,0.597,0.125,0.063
6.419,0.986,0.675,0.493,0.11,0.088
6.388,1.073,0.744,0.57,0.062,0.054
6.382,0.781,0.608,0.604,0.179,0.071
6.379,1.093,0.771,0.625,0.13,0.155
6.374,1.649,0.748,0.654,0.256,0.171
6.371,1.379,0.633,0.509,0.098,0.127
6.343,1.529,1.008,0.631,0.261,0.457
6.322,1.161,0.669,0.356,0.311,0.059
6.31,1.251,0.965,0.449,0.142,0.074
6.26,0.96,0.635,0.531,0.099,0.039
6.192,1.223,0.564,0.575,0.171,0.019
6.173,1.21,0.776,0.354,0.118,0.014
6.167,0.806,0.639,0.461,0.065,0.082
6.141,0.668,0.7,0.527,0.208,0.128
6.123,1.176,0.781,0.546,0.108,0.064
6.105,1.338,0.698,0.594,0.243,0.123
6.096,0.719,0.605,0.724,0.328,0.259
6.083,1.474,0.675,0.554,0.167,0.106
6.072,1.016,0.707,0.637,0.364,0.029
6,1.264,0.946,0.281,0.137,0.028
5.973,0.889,0.736,0.556,0.114,0.12
5.956,0.807,0.474,0.593,0.183,0.089
5.952,1.197,0.716,0.35,0.026,0.006
5.948,1.219,0.856,0.633,0.16,0.051
5.945,1.116,0.726,0.528,0.088,0.001
5.933,1.148,0.671,0.363,0.092,0.066
5.915,1.294,0.988,0.553,0.079,0.15
5.891,1.09,0.684,0.584,0.245,0.05
5.89,0.819,0.693,0.575,0.096,0.031
5.875,1.266,0.955,0.244,0.175,0.051
5.835,1.229,0.909,0.495,0.179,0.154
5.81,1.151,0.599,0.399,0.065,0.025
5.79,1.143,0.631,0.454,0.148,0.121
5.762,1.229,0.909,0.423,0.202,0.035
5.752,0.751,0.508,0.606,0.141,0.054
5.739,1.2,0.737,0.553,0.086,0.174
5.681,0.835,0.615,0.541,0.162,0.074
5.663,0.934,0.674,0.53,0.092,0.034
5.662,0.855,0.578,0.448,0.274,0.023
5.64,0.657,0.62,0.232,0.171,0
5.636,1.016,0.517,0.417,0.199,0.037
5.62,1.171,0.732,0.259,0.061,0.022
5.566,0.985,0.553,0.496,0.116,0.148
5.524,0.775,0.513,0.643,0.12,0.105
5.504,0.62,0.622,0.459,0.197,0.074
5.483,1.039,0.7,0.307,0.101,0.154
5.483,1.148,0.686,0.324,0.106,0.109
5.472,0.652,0.424,0.334,0.216,0.113
5.43,1.405,1.03,0.524,0.246,0.291
5.41,1.188,0.884,0.562,0.055,0.017
5.398,0.975,0.685,0.288,0.134,0.043
5.358,1.154,0.879,0.131,0,0.044
5.358,0.965,0.785,0.503,0.214,0.136
5.347,1.017,0.729,0.259,0.111,0.081
5.321,1.115,0.737,0.38,0.12,0.039
5.302,0.982,0.614,0.578,0.12,0.106
5.295,0.979,0.687,0.077,0.055,0.135
5.254,0.779,0.669,0.46,0.026,0.074
5.246,0.989,0.799,0.597,0.029,0.103
5.201,1.024,0.603,0.43,0.031,0.176
5.199,0.474,0.598,0.292,0.187,0.034
5.185,0.959,0.691,0.394,0.173,0.052
5.161,0.822,0.645,0.468,0.13,0.134
5.155,0.689,0.048,0.462,0.201,0.032
5.131,0.53,0.594,0.54,0.281,0.035
5.129,0.915,0.758,0.28,0.216,0
5.125,0.914,0.575,0.395,0.253,0.032
5.103,0.715,0.702,0.618,0.177,0.079
5.093,0.899,0.522,0.538,0.484,0.018
5.082,0.796,0.527,0.541,0.364,0.171
4.982,0,0.115,0.674,0.238,0.282
4.975,0.535,0.182,0.454,0.183,0.043
4.933,1.054,0.712,0.359,0.064,0.009
4.88,0.425,0.539,0.526,0.302,0.078
4.806,0.996,0.657,0.133,0.056,0.052
4.758,1.036,0.404,0.356,0.032,0.052
4.743,0.642,0.602,0.266,0.086,0.076
4.724,0.94,0.33,0.516,0.103,0.056
4.707,1.059,0.691,0.459,0.282,0.129
4.671,0.541,0.08,0.467,0.146,0.103
4.657,0.592,0.337,0.499,0.212,0.029
4.631,0.429,0.433,0.406,0.138,0.082
4.623,0.72,0.441,0.626,0.23,0.174
4.592,0.9,0.69,0.271,0.04,0.063
4.586,0.916,0.79,0.419,0.149,0.032
4.571,0.256,0,0.355,0.238,0.053
4.559,0.682,0.343,0.514,0.091,0.077
4.5,0.532,0.579,0.58,0.153,0.144
4.471,0.918,0.672,0.585,0.307,0.05
4.456,1.01,0.536,0.304,0.148,0.095
4.447,0.37,0.152,0.367,0.139,0.056
4.441,0.874,0.365,0.519,0.051,0.064
4.433,0.549,0.457,0.696,0.256,0.065
4.424,0.314,0.254,0.312,0.175,0.128
4.419,0.885,0.553,0.312,0.092,0.107
4.417,0.198,0.173,0.531,0.206,0.158
4.41,0.493,0.454,0.504,0.352,0.055
4.377,0.562,0.295,0.503,0.221,0.082
4.356,0.557,0.292,0.129,0.134,0.093
4.35,0.308,0.391,0.452,0.22,0.146
4.34,0.853,0.643,0.375,0.038,0.215
4.321,0.816,0.666,0.26,0.077,0.028
4.308,0.682,0.429,0.58,0.598,0.178
4.301,0.358,0.053,0.189,0.181,0.06
4.245,0.069,0.204,0.312,0.197,0.052
4.19,0.721,0.485,0.539,0.172,0.093
4.166,0.131,0.221,0.39,0.175,0.099
4.161,0.322,0.237,0.45,0.259,0.061
4.141,0.378,0.24,0.44,0.163,0.067
4.139,0.605,0.312,0.016,0.134,0.082
4.103,0.793,0.609,0.163,0.187,0.011
3.999,0.259,0.253,0.434,0.158,0.101
3.964,0.344,0.211,0.394,0.185,0.094
3.808,0.472,0.079,0.423,0.116,0.112
3.795,0.73,0.269,0,0.079,0.061
3.774,0.262,0.402,0.221,0.155,0.049
3.692,0.357,0.248,0.406,0.132,0.099
3.632,0.332,0.255,0.085,0.191,0.036
3.59,1.017,0.417,0.557,0.042,0.092
3.587,0.186,0.306,0.531,0.21,0.08
3.582,0.315,0.289,0.025,0.392,0.104
3.495,0.076,0.267,0.419,0.206,0.03
3.462,0.689,0.539,0.088,0.376,0.144
3.408,0.332,0.4,0.636,0.2,0.444
3.355,0.442,0.343,0.244,0.083,0.064
3.303,0.455,0.381,0.481,0.27,0.097
3.254,0.337,0.177,0.112,0.224,0.106
3.083,0.024,0.01,0.305,0.218,0.038
2.905,0.091,0.145,0.065,0.149,0.076
